{"contributors":[{"type":"Editor","name":"Rayna Harris"},{"type":"Editor","name":"Verónica Jiménez"},{"type":"Editor","name":"Silvana Pereyra"},{"type":"Editor","name":"Heladia Salgado"}],"creators":[{"name":"Rayna M Harris"},{"name":"Paula Andrea Martinez"},{"name":"Laura-Gomez"},{"name":"Silvana Pereyra"},{"name":"Hely Salgado"},{"name":"raynamharris"},{"name":"Alejandra Gonzalez-Beltran"},{"name":"Shirley Alquicira Hernandez"},{"name":"Juan M. Barrios"},{"name":"Guillermina Actis"},{"name":"Ivan Ogasawara"},{"name":"Kevin Alquicira"},{"name":"Leticia Vega"},{"name":"Ana Beatriz Villaseñor Altamirano"},{"name":"juli arancio"},{"name":"Kevin Martínez-Folgar"},{"name":"Laura Angelone"},{"name":"Marcela Alfaro Córdoba"},{"name":"Marceline Abadeer"},{"name":"Maria Florencia D'Andrea"},{"name":"Romualdo Zayas-Lagunas"},{"name":"0xgc"},{"name":"A. s"},{"name":"Cynthia Monastirsky"},{"name":"David Pérez-Suárez"},{"name":"EuniceML"},{"name":"Guillermo Movia"},{"name":"Ivonne Lujano"},{"name":"Matias Andina"},{"name":"Paola Prieto"},{"name":"saynomoregrl"},{"name":"Veronica Jimenez"},{"name":"François Michonneau"},{"name":"Naupaka Zimmerman"},{"name":"David Mawdsley"},{"name":"Jeff Oliver"},{"name":"Raniere Silva"},{"name":"Erin Becker"},{"name":"Katrin Leinweber"},{"name":"Marie-Helene Burle"},{"name":"Gordon McDonald"},{"name":"Ido Bar"},{"name":"Jamie McDevitt-Irwin"},{"name":"Jonah Duckles"},{"name":"Tobin Magle"},{"name":"Antonio"},{"name":"AntonioJBT"},{"name":"Belinda Weaver"},{"name":"Claudia Engel"},{"name":"Daniel Beiter"},{"name":"James J Balamuta"},{"name":"Marieke Frassl"},{"name":"Murray Cadzow"},{"name":"Narayanan Raghupathy"},{"name":"Richard Barnes"},{"name":"Richard McCosh"},{"name":"Sandra Brosda"},{"name":"Sasha Lavrentovich"}],"license":{"id":"CC-BY-4.0"}}